{"cameraMode":{"drawMode":0,"name":"Shaded","section":"Shading Mode"},"sceneLighting":true,"audioPlay":false,"sceneViewState":{"showFog":true,"showMaterialUpdate":false,"showSkybox":true,"showFlares":true,"showImageEffects":true,"showParticleSystems":true},"in2DMode":false,"pivot":{"x":0.4568977355957031,"y":8.272411346435547,"z":2.7382965087890627},"rotation":{"x":-0.13040952384471894,"y":0.020519813522696496,"z":-0.0026984666474163534,"w":-0.9912503957748413},"size":22.029150009155275,"orthographic":false}